-- SQL syntax for insert

-- table 1 - university
INSERT INTO university (name, location, established_year, accreditation_status, website) VALUES ('West University of Timisoara', 'Bulevardul Vasile Parvan 4, Timisoara', 1944, 'Accredited', 'https://www.uvt.ro/');
INSERT INTO university (name, location, established_year, accreditation_status, website) VALUES ('Politehnica University of Timisoara', 'Bulevardul Vasile Parvan 2, Timisoara', 1920, 'Accredited', 'https://www.upt.ro/');
INSERT INTO university (name, location, established_year, accreditation_status, website) VALUES ('Private University of Environment', 'Calea Victoriei 100, Timisoara', 1998, 'Not Accredited', 'https://www.upm.ro/');
INSERT INTO university (name, location, established_year, accreditation_status, website) VALUES ('Politehnica University of Bucharest','Bulevardul Revolutiei 13, Bucuresti', 1898, 'Accredited', 'https://upb.ro/');
INSERT INTO university (name, location, established_year, accreditation_status, website) VALUES ('Victor Babes University of Medicine and Pharmacy', 'Srada Independentei 2, Timisoara', 1994, 'Accredited', 'https://umft.ro/');
INSERT INTO university (name, location, established_year, accreditation_status, website) VALUES ('Tibiscus University', 'Str. Lascar Catargiu, nr. 5, Timisoara', 2002, 'Not Accredited', 'https://tibiscus.ro/');
INSERT INTO university (name, location, established_year, accreditation_status, website) VALUES ('King Mihai I University of Life Sciences of Timisoara', 'Calea Aradului 130, Timisoara', 1945, 'Accredited', 'https://www.usab-tm.ro/');
INSERT INTO university (name, location, established_year, accreditation_status, website) VALUES ('Babes-Bolyai University', 'Strada Mihail Kogalniceanu 1, Cluj-Napoca', 1919, 'Accredited', 'https://www.ubbcluj.ro/');
INSERT INTO university (name, location, established_year, accreditation_status, website) VALUES ('Alexandru Ioan Cuza University', 'Bulevardul Constitutiei 12, Iasi', 1860, 'Accredited', 'https://www.uaic.ro/');
INSERT INTO university (name, location, established_year, accreditation_status, website) VALUES ('Transilvania University of Brasov', 'Bulevardul Eroilor 29, Brasov', 1948, 'Accredited', 'https://www.unitbv.ro/');
INSERT INTO university (name, location, established_year, accreditation_status, website) VALUES ('Academy of Economic Studies in Bucharest', 'Piata Romana 6, Bucuresti', 1913, 'Accredited', 'https://www.ase.ro/');
INSERT INTO university (name, location, established_year, accreditation_status, website) VALUES ('Iuliu Hatieganu University of Medicine and Pharmacy', 'Strada Victor Babes 8, Cluj-Napoca', 1919, 'Accredited', 'https://www.umfcluj.ro/');
INSERT INTO university (name, location, established_year, accreditation_status, website) VALUES ('University of Agricultural Sciences and Veterinary Medicine of Cluj-Napoca', 'Calea Manastur 3-5, Cluj-Napoca', 1869, 'Accredited', 'https://www.usamvcluj.ro/');
INSERT INTO university (name, location, established_year, accreditation_status, website) VALUES ('University of Agronomic Sciences and Veterinary Medicine of Bucharest', 'Bulevardul Marasti 59, Bucuresti', 1852, 'Accredited', 'https://www.usamv.ro/');
INSERT INTO university (name, location, established_year, accreditation_status, website) VALUES ('University of Oradea', 'Strada Universitatii 1, Oradea', 1963, 'Accredited', 'https://www.uoradea.ro/');
INSERT INTO university (name, location, established_year, accreditation_status, website) VALUES ('University of Art and Design of Cluj-Napoca', 'Strada Matei Corvin 6, Cluj-Napoca', 1925, 'Accredited', 'https://www.uad.ro/');
INSERT INTO university (name, location, established_year, accreditation_status, website) VALUES ('National University of Arts in Bucharest', 'Strada General Budisteanu 19, Bucuresti', 1864, 'Accredited', 'https://www.unarte.org/');
INSERT INTO university (name, location, established_year, accreditation_status, website) VALUES ('National University of Music Bucharest', 'Strada Stirbei Voda 33, Bucuresti', 1864, 'Accredited', 'https://www.unmb.ro/');
INSERT INTO university (name, location, established_year, accreditation_status, website) VALUES ('Vasile Goldis Western University','Strada Liviu Rebreanu 86, Arad', 1990, 'Accredited', 'https://www.uvvg.ro/');
INSERT INTO university (name, location, established_year, accreditation_status, website) VALUES ('Technological University of Arad', 'Bulevardul Constructorilor 9, Arad', 2015, 'Not Accredited', 'https://www.utdelta.ro/');
INSERT INTO university (name, location, established_year, accreditation_status, website) VALUES ('University of Applied Sciences of Bucharest', 'Bulevardul Unirii 15, Bucuresti', 2000, 'Not Accredited', 'https://usab.ro/');
INSERT INTO university (name, location, established_year, accreditation_status, website) VALUES ('University of Arts of Brasov', 'Strada Castelului 1, Brasov', 1967, 'Accredited', 'https://uabv.ro/');
INSERT INTO university (name, location, established_year, accreditation_status, website) VALUES ('Ferdinand I Military Technical Academy', 'Bulevardul George Coșbuc 68-70, Bucuresti', 1949, 'Accredited', 'https://atm.ro/');
INSERT INTO university (name, location, established_year, accreditation_status, website) VALUES ('University of Management and IT of Brasov', 'Strada Lunga 23, Brasov', 1998, 'Not Accredited', 'https://umitbv.ro/');
INSERT INTO university (name, location, established_year, accreditation_status, website) VALUES ('University of Marketing', 'Calea Babes 120, Bucuresti', 2010, 'Not Accredited', 'https://umk.ro/');
INSERT INTO university (name, location, established_year, accreditation_status, website) VALUES ('Virtual University of Bucharest', 'Calea Griviței 20, Bucuresti', 2015, 'Not Accredited', 'https://uvb.ro/');
INSERT INTO university (name, location, established_year, accreditation_status, website) VALUES ('University of Mechanics of Brasov', 'Bulevardul Saturn 3, Brasov', 1995, 'Not Accredited', 'https://umbv.ro/');
INSERT INTO university (name, location, established_year, accreditation_status, website) VALUES ('University of Economic and Social Sciences of Bucharest', 'Piata Universitatii 12, Bucuresti', 1960, 'Accredited', 'https://uses.ro/');
INSERT INTO university (name, location, established_year, accreditation_status, website) VALUES ('Technical University of Bucharest', 'Strada Polizu 1, Bucuresti', 1907, 'Accredited', 'https://utb.ro/');
INSERT INTO university (name, location, established_year, accreditation_status, website) VALUES ('University of Innovation and Design of Brasov', 'Strada 13 Decembrie 45, Brasov', 2020, 'Not Accredited', 'https://aidb.ro/');
INSERT INTO university (name, location, established_year, accreditation_status, website) VALUES ('University of Natural Science Research', 'Strada Daliei 2, Timisoara', 2008, 'Accredited', 'http://ucsn.ro/');
INSERT INTO university (name, location, established_year, accreditation_status, website) VALUES ('University of Sports of Arad', 'Calea Timisorii 2, Arad', 2001, 'Not Accredited', 'http://usa.ro/');
INSERT INTO university (name, location, established_year, accreditation_status, website) VALUES ('University of Pedagogy of Arad', 'Strada Avram Iancu 3, Arad', 1992, 'Accredited', 'http://upa.ro/');
INSERT INTO university (name, location, established_year, accreditation_status, website) VALUES ('University of Pharmacy of Bucharest', 'Strada Libertatii 22, Bucuresti', 1999, 'Not Accredited', 'https://ufm.ro/');
INSERT INTO university (name, location, established_year, accreditation_status, website) VALUES ('Metropolis University', 'Bulevardul Universitatii 5, Brasov', 2005, 'Not Accredited', 'https://metropolis.ro/');
INSERT INTO university (name, location, established_year, accreditation_status, website) VALUES ('University of Advanced Environmental Technologies', 'Strada Revolutiei 14, Bucuresti', 2018, 'Not Accredited', 'https://utam.ro/');
INSERT INTO university (name, location, established_year, accreditation_status, website) VALUES ('Horizont University', 'Strada Luminilor 17, Brasov', 1992, 'Not Accredited', 'https://Uni.horizont.ro/');
INSERT INTO university (name, location, established_year, accreditation_status, website) VALUES ('University of Dance and Choreography of Arad', 'Calea Dacia 33, Arad', 2021, 'Not Accredited', 'https://uni.dance,ro/');
INSERT INTO university (name, location, established_year, accreditation_status, website) VALUES ('Future Vision University', 'Strada Tehnologiei 55, Brasov', 2012, 'Not Accredited', 'https://futurevision.uni.ro/');
INSERT INTO university (name, location, established_year, accreditation_status, website) VALUES ('University of Military Police', 'Bulevardul Principal 7, Bucuresti', 1982, 'Accredited', 'https://politiemilitara.ro/');
INSERT INTO university (name, location, established_year, accreditation_status, website) VALUES ('Global Innovation University', 'Strada Progresului 99, Bucuresti', 2023, 'Not Accredited', 'https://giu.ro/');
INSERT INTO university (name, location, established_year, accreditation_status, website) VALUES ('Urban Design Institute of Timisoara', 'Strada Libertatii 10, Timisoara', 2015, 'Not Accredited', 'https://udi.ro/');
INSERT INTO university (name, location, established_year, accreditation_status, website) VALUES ('Aurora University of Cluj', 'Strada Luminii 7, Cluj-Napoca', 2008, 'Not Accredited', 'https://aurorauni.ro/');
INSERT INTO university (name, location, established_year, accreditation_status, website) VALUES ('Academy of Management', 'Bulevardul Astronomic 15, Brasov', 2012, 'Not Accredited', 'https://am.ro/');
INSERT INTO university (name, location, established_year, accreditation_status, website) VALUES ('New World University', 'Calea Noi Lumi 22, Arad', 2019, 'Not Accredited', 'https://nwu.ro/');
INSERT INTO university (name, location, established_year, accreditation_status, website) VALUES ('Virtual Academy of Science and Arts', 'Strada Online 1, Bucuresti', 2020, 'Not Accredited', 'https://vasa.ro/');
INSERT INTO university (name, location, established_year, accreditation_status, website) VALUES ('University of Medicine and Pharmacy Iasi', 'Piata Afacerilor 45, Iasi', 1900, 'Accredited', 'https://umfi.ro/');
INSERT INTO university (name, location, established_year, accreditation_status, website) VALUES ('Frontier Technologies University', 'Strada Tehnica 123, Cluj-Napoca', 2005, 'Accredited', 'https://ftu.ro/');
INSERT INTO university (name, location, established_year, accreditation_status, website) VALUES ('George Enescu University of Arts', 'Strada Unirii 77, Iasi', 1897, 'Accredited', 'https://uni-age.ro/');
INSERT INTO university (name, location, established_year, accreditation_status, website) VALUES ('EcoLogic University', 'Strada Verde 33, Timisoara', 2018, 'Not Accredited', 'https://eco-uni.ro/');

-- table 2 - faculty 
INSERT INTO faculty (name, location, dean_name, established_year, contact_number, website, university_id) VALUES ('Faculty of Chemistry, Biology, and Geography','Bulevardul Vasile Parvan 4, Timisoara', 'Nicoleta Ivanovici', 1944, '0257132012', 'https://cbg.uvt.ro/', 1);
INSERT INTO faculty (name, location, dean_name, established_year, contact_number, website, university_id) VALUES ('Faculty of Automation and Computers', 'Piata Victoriei 2, Timisoara', 'Popescu Dan', 1920, '0234100931', 'https://ac.upt.ro/', 2);
INSERT INTO faculty (name, location, dean_name, established_year, contact_number, website, university_id) VALUES ('Faculty of Environmental Sciences', 'Calea Victoriei 100, Timisoara', 'Daniela Tudor', 1998, '0257981873', 'https://fsm.upm.ro/', 3);
INSERT INTO faculty (name, location, dean_name, established_year, contact_number, website, university_id) VALUES ('Faculty of Electrical Engineering', 'Splaiul Independentei 313, Bucuresti', 'Georgescu Popescu', 1818, '0213091821', 'https://ie.upb.ro/', 4);
INSERT INTO faculty (name, location, dean_name, established_year, contact_number, website, university_id) VALUES ('Faculty of General Medicine', 'P-ta Eftimie Murgu, nr. 2, Timisoara', 'Popa Nicolae', 1991, '0312983102', 'https://med.umft.ro/', 5);
INSERT INTO faculty (name, location, dean_name, established_year, contact_number, website, university_id) VALUES ('Faculty of Computers and Applied Informatics', 'Str. Lascar Catargiu, nr. 4–6, Timisoara', 'Radu Pavel', 2002, '0256597600', 'https://informatics.tibiscus.ro/', 6);
INSERT INTO faculty (name, location, dean_name, established_year, contact_number, website, university_id) VALUES ('Faculty of Agriculture', 'Calea Aradului 119, Timisoara', 'Elena Vasile', 1945, '0256598700', 'https://agriculture.usab-tm.ro/', 7);
INSERT INTO faculty (name, location, dean_name, established_year, contact_number, website, university_id) VALUES ('Faculty of Philosophy', 'Strada Mihail Kogalniceanu 1, Cluj-Napoca', 'Ioan Petrescu', 1919, '0264599800', 'https://philosophy.ubbcluj.ro/', 8);
INSERT INTO faculty (name, location, dean_name, established_year, contact_number, website, university_id) VALUES ('Faculty of History', 'Bulevardul Carol I nr. 11, Iasi', 'Cristian Manolescu', 1860, '0232600900', 'https://history.uaic.ro/', 9);
INSERT INTO faculty (name, location, dean_name, established_year, contact_number, website, university_id) VALUES ('Faculty of Mathematics', 'Bulevardul Eroilor 29, Brasov', 'Alexandru Popa', 1948, '0268601000', 'https://math.unitbv.ro/', 10);
INSERT INTO faculty (name, location, dean_name, established_year, contact_number, website, university_id) VALUES ('Faculty of Economic Sciences', 'Piata Romana 6, Bucuresti', 'Daniela Stoian', 1913, '0216021000', 'https://economics.ase.ro/', 11);
INSERT INTO faculty (name, location, dean_name, established_year, contact_number, website, university_id) VALUES ('Faculty of Pharmacy', 'Strada Victor Babes 8, Cluj-Napoca', 'Gabriel Mihalache', 1919, '0264603200', 'https://pharmacy.umfcluj.ro/', 12);
INSERT INTO faculty (name, location, dean_name, established_year, contact_number, website, university_id) VALUES ('Faculty of Horticulture', 'Calea Manastur 3-5, Cluj-Napoca', 'Maria Dobre', 1869, '0264604300', 'https://horticulture.usamvcluj.ro/', 13);
INSERT INTO faculty (name, location, dean_name, established_year, contact_number, website, university_id) VALUES ('Faculty of Agronomy', 'Bulevardul Marasti 59, Bucuresti', 'Adrian Dumitru', 1852, '0216054000', 'https://agronomy.usamv.ro/', 14);
INSERT INTO faculty (name, location, dean_name, established_year, contact_number, website, university_id) VALUES ('Faculty of Letters', 'Strada Universitatii 1, Oradea', 'Ioana Enescu', 1963, '0259606500', 'https://literature.uoradea.ro/', 15);
INSERT INTO faculty (name, location, dean_name, established_year, contact_number, website, university_id) VALUES ('Faculty of Visual Arts', 'Strada Matei Corvin 6, Cluj-Napoca', 'Elena Toma', 1925, '0264607600', 'https://visualarts.uad.ro/', 16);
INSERT INTO faculty (name, location, dean_name, established_year, contact_number, website, university_id) VALUES ('Faculty of Fine Arts', 'Strada General Budisteanu 19, Bucuresti', 'Mihai Georgescu', 1864, '0216087000', 'https://arts.unarte.org/', 17);
INSERT INTO faculty (name, location, dean_name, established_year, contact_number, website, university_id) VALUES ('Faculty of Music', 'Strada Stirbei Voda 33, Bucuresti', 'Sorin Coman', 1864, '0216098000', 'https://music.unmb.ro/', 18);
INSERT INTO faculty (name, location, dean_name, established_year, contact_number, website, university_id) VALUES ('Faculty of Law', 'Strada Liviu Rebreanu 86, Arad', 'Daniela Munteanu', 1990, '0257610900', 'https://law.uvvg.ro/', 19);
INSERT INTO faculty (name, location, dean_name, established_year, contact_number, website, university_id) VALUES ('Faculty of Construction', 'Bulevardul Constructorilor 9, Arad', 'George Ilie', 2015, '0257611000', 'https://construction.uni.ro/', 20);
INSERT INTO faculty (name, location, dean_name, established_year, contact_number, website, university_id) VALUES ('Faculty of Design', 'Bulevardul Unirii 15, Bucuresti', 'Anca Dumbrava', 2000, '0216121000', 'https://design.usab.ro/', 21);
INSERT INTO faculty (name, location, dean_name, established_year, contact_number, website, university_id) VALUES ('Faculty of Decorative Arts', 'Strada Castelului 1, Brasov', 'Ioan Radu', 1967, '0268613200', 'https://decorativearts.uabv.ro/', 22);
INSERT INTO faculty (name, location, dean_name, established_year, contact_number, website, university_id) VALUES ('Military Technical Faculty', 'Bulevardul George Coșbuc 68-70, Bucuresti', 'Radu Comănescu', 1949, '0216143000', 'https://militarytech.atm.ro/', 23);
INSERT INTO faculty (name, location, dean_name, established_year, contact_number, website, university_id) VALUES ('Faculty of IT and Management', 'Strada Lunga 23, Brasov', 'Cristina Tudor', 1998, '0268615400', 'https://itmanagement.umitbv.ro/', 24);
INSERT INTO faculty (name, location, dean_name, established_year, contact_number, website, university_id) VALUES ('Faculty of Marketing', 'Calea Babes 120, Bucuresti', 'Bogdan Ionescu', 2010, '0216165000', 'https://marketing.umk.ro/', 25);
INSERT INTO faculty (name, location, dean_name, established_year, contact_number, website, university_id) VALUES ('Faculty of Virtual Technologies', 'Calea Griviței 20, Bucuresti', 'Ion Popescu', 2015, '0216176000', 'https://virtualtech.uvb.ro/', 26);
INSERT INTO faculty (name, location, dean_name, established_year, contact_number, website, university_id) VALUES ('Faculty of Mechanics', 'Bulevardul Saturn 3, Brasov', 'Gabriela Tudor', 1995, '0268618700', 'https://mechanics.umbv.ro/', 27);
INSERT INTO faculty (name, location, dean_name, established_year, contact_number, website, university_id) VALUES ('Faculty of Social Sciences', 'Piata Universitatii 12, Bucuresti', 'Ioana Mihai', 1960, '0216198000', 'https://socialsciences.uses.ro/', 28);
INSERT INTO faculty (name, location, dean_name, established_year, contact_number, website, university_id) VALUES ('Faculty of Engineering', 'Strada Polizu 1, Bucuresti', 'George Popescu', 1907, '0216209000', 'https://tech.utb.ro/', 29);
INSERT INTO faculty (name, location, dean_name, established_year, contact_number, website, university_id) VALUES ('Faculty of Innovative Design', 'Strada 13 Decembrie 45, Brasov', 'Maria Ionescu', 2020, '0268621000', 'https://innodesign.aidb.ro/', 30);
INSERT INTO faculty (name, location, dean_name, established_year, contact_number, website, university_id) VALUES ('Faculty of Natural Sciences', 'Strada Daliei 2, Timisoara', 'Alexandru Ene', 2008, '0256622100', 'http://naturalsciences.ucsn.ro/', 31);
INSERT INTO faculty (name, location, dean_name, established_year, contact_number, website, university_id) VALUES ('Faculty of Sports', 'Calea Timisorii 2, Arad', 'Andrei Dumitrescu', 2001, '0257623200', 'http://sports.usa.ro/', 32);
INSERT INTO faculty (name, location, dean_name, established_year, contact_number, website, university_id) VALUES ('Faculty of Pedagogy', 'Strada Avram Iancu 3, Arad', 'Elena Enache', 1992, '0257624300', 'http://pedagogy.upa.ro/', 33);
INSERT INTO faculty (name, location, dean_name, established_year, contact_number, website, university_id) VALUES ('Faculty of Applied Pharmacy', 'Strada Libertatii 22, Bucuresti', 'Cristina Pavel', 1999, '0216254000', 'https://appliedpharmacy.ufm.ro/', 34);
INSERT INTO faculty (name, location, dean_name, established_year, contact_number, website, university_id) VALUES ('Faculty of Metropolitan Studies', 'Bulevardul Universitatii 5, Brasov', 'Gabriel Mihalache', 2005, '0268626500', 'https://metro.studies.ro/', 35);
INSERT INTO faculty (name, location, dean_name, established_year, contact_number, website, university_id) VALUES ('Faculty of Environmental Technologies', 'Strada Revolutiei 14, Bucuresti', 'Daniela Stoica', 2018, '0216276000', 'https://envtech.utam.ro/', 36);
INSERT INTO faculty (name, location, dean_name, established_year, contact_number, website, university_id) VALUES ('Faculty of Social Sciences', 'Strada Luminilor 17, Brasov', 'Anca Marinescu', 1992, '0268628700', 'https://socialsciences.horizont.ro/', 37);
INSERT INTO faculty (name, location, dean_name, established_year, contact_number, website, university_id) VALUES ('Faculty of Dance and Choreography', 'Calea Dacia 33, Arad', 'Ioan Enescu', 2021, '0257629800', 'https://choreography.avangarda.ro/', 38);
INSERT INTO faculty (name, location, dean_name, established_year, contact_number, website, university_id) VALUES ('Faculty of Technological Vision', 'Strada Tehnologiei 55, Brasov', 'Maria Tudor', 2012, '0268630900', 'https://futurevision.ro/', 39);
INSERT INTO faculty (name, location, dean_name, established_year, contact_number, website, university_id) VALUES ('Faculty of Legal Sciences', 'Bulevardul Principal 7, Bucuresti', 'Popescu Patrick', 2017, '0241981723', 'https://law.ujs.ro/', 40);
INSERT INTO faculty (name, location, dean_name, established_year, contact_number, website, university_id) VALUES ('Faculty of Technology and Innovation', 'Strada Unirii 99, Bucuresti', 'Radu Iliescu', 2019, '0211234567', 'https://fti.ro/fti', 41);
INSERT INTO faculty (name, location, dean_name, established_year, contact_number, website, university_id) VALUES ('Faculty of Digital Transformation', 'Strada Progresului 9, Timisoara', ' Anca Paul', 2023, '0221434567', 'https://fdt.ro/fdt', 42);
INSERT INTO faculty (name, location, dean_name, established_year, contact_number, website, university_id) VALUES ('Faculty of Astronomy and Space Studies', 'Strada Libertatii 10, Cluj-Napoca', 'Mihai Popa', 2015, '0256789957', 'https://fud.ro/urban', 43);
INSERT INTO faculty (name, location, dean_name, established_year, contact_number, website, university_id) VALUES ('Faculty of Economic Studies', 'Strada Libertatii 10, Brasov', 'Maria Radu', 2015, '0256089152', 'https://udi.ro/environment', 44);
INSERT INTO faculty (name, location, dean_name, established_year, contact_number, website, university_id) VALUES ('Faculty of Urban Design', 'Strada Luminii 7, Arad', 'Elena Cristea', 2008, '0264123789', 'https://astronomy.ro/', 45);
INSERT INTO faculty (name, location, dean_name, established_year, contact_number, website, university_id) VALUES ('Faculty of Music', 'Strada Aviatorilor 12, Bucuresti', 'Daniel Moraru', 2008, '0264137131', 'https://business.ro/', 46);
INSERT INTO faculty (name, location, dean_name, established_year, contact_number, website, university_id) VALUES ('Faculty of Medicine', 'Bulevardul Astronomica 15, Iasi', 'Sorin Dumitrescu', 2012, '0268456234', 'https://am.ro/management', 47);
INSERT INTO faculty (name, location, dean_name, established_year, contact_number, website, university_id) VALUES ('Faculty of Business Economics', 'Bulevardul Astra 15, Cluj-Napoca', 'Camelia Ivan', 2012, '0274561935', 'https://am.ro/economics', 48);
INSERT INTO faculty (name, location, dean_name, established_year, contact_number, website, university_id) VALUES ('Faculty of Music Pedagogy', 'Calea Lumini 22, Iasi', 'Victor Enescu', 2019, '0257654110', 'https://mup.ro/education', 49);
INSERT INTO faculty (name, location, dean_name, established_year, contact_number, website, university_id) VALUES ('Faculty of Biomedical Sciences', 'Calea Iasului 100, Timisoara', 'Catalina Munteanu', 2019, '0267657120', 'https://biomed.ro/science', 50);

-- table 3 - facilities
INSERT INTO facilities (name, operating_hours) VALUES ('Central Library', '08:00-20:00');
INSERT INTO facilities (name, operating_hours) VALUES ('Chemistry Lab', '09:00-18:00');
INSERT INTO facilities (name, operating_hours) VALUES ('Reading Room', '07:00-21:00');
INSERT INTO facilities (name, operating_hours) VALUES ('Cafeteria', '08:00-19:00');
INSERT INTO facilities (name, operating_hours) VALUES ('Biology Lab', '09:00-17:00');
INSERT INTO facilities (name, operating_hours) VALUES ('Main Amphitheater', '08:00-22:00');
INSERT INTO facilities (name, operating_hours) VALUES ('Sports Hall', '06:00-22:00');
INSERT INTO facilities (name, operating_hours) VALUES ('Computer Lab', '08:00-20:00');
INSERT INTO facilities (name, operating_hours) VALUES ('Auditorium', '09:00-18:00');
INSERT INTO facilities (name, operating_hours) VALUES ('Research Center', '08:00-20:00');
INSERT INTO facilities (name, operating_hours) VALUES ('Seminar Room', '09:00-18:00');
INSERT INTO facilities (name, operating_hours) VALUES ('Physics Lab', '08:00-19:00');
INSERT INTO facilities (name, operating_hours) VALUES ('Medical Office', '08:00-16:00');
INSERT INTO facilities (name, operating_hours) VALUES ('Student Parking', '24/7');
INSERT INTO facilities (name, operating_hours) VALUES ('Faculty Parking', '24/7');
INSERT INTO facilities (name, operating_hours) VALUES ('Botanical Garden', '09:00-18:00');
INSERT INTO facilities (name, operating_hours) VALUES ('Post Office', '08:00-17:00');
INSERT INTO facilities (name, operating_hours) VALUES ('Career Center', '09:00-17:00');
INSERT INTO facilities (name, operating_hours) VALUES ('IT Center', '08:00-18:00');
INSERT INTO facilities (name, operating_hours) VALUES ('Multimedia Studio', '09:00-20:00');
INSERT INTO facilities (name, operating_hours) VALUES ('Psychology Center', '10:00-16:00');
INSERT INTO facilities (name, operating_hours) VALUES ('Design Workshop', '09:00-17:00');
INSERT INTO facilities (name, operating_hours) VALUES ('Simulation Center', '08:00-20:00');
INSERT INTO facilities (name, operating_hours) VALUES ('University Kindergarten', '08:00-16:00');
INSERT INTO facilities (name, operating_hours) VALUES ('Canteen', '07:00-20:00');
INSERT INTO facilities (name, operating_hours) VALUES ('Student Club', '10:00-23:00');
INSERT INTO facilities (name, operating_hours) VALUES ('Terrace', '10:00-22:00');
INSERT INTO facilities (name, operating_hours) VALUES ('Pharmacy Lab', '09:00-18:00');
INSERT INTO facilities (name, operating_hours) VALUES ('Sports Center', '06:00-22:00');
INSERT INTO facilities (name, operating_hours) VALUES ('Relaxation Center', '10:00-18:00');
INSERT INTO facilities (name, operating_hours) VALUES ('Photo Studio', '08:00-19:00');
INSERT INTO facilities (name, operating_hours) VALUES ('Conference Room', '09:00-18:00');
INSERT INTO facilities (name, operating_hours) VALUES ('Engineering Lab', '08:00-20:00');
INSERT INTO facilities (name, operating_hours) VALUES ('Robotics Center', '09:00-18:00');
INSERT INTO facilities (name, operating_hours) VALUES ('Foreign Language Center', '10:00-17:00');
INSERT INTO facilities (name, operating_hours) VALUES ('Music Studio', '09:00-19:00');
INSERT INTO facilities (name, operating_hours) VALUES ('Exhibition Center', '10:00-19:00');
INSERT INTO facilities (name, operating_hours) VALUES ('Volunteer Center', '09:00-18:00');
INSERT INTO facilities (name, operating_hours) VALUES ('Social Services', '08:00-16:00');
INSERT INTO facilities (name, operating_hours) VALUES ('Event Hall', '10:00-23:00');
INSERT INTO facilities (name, operating_hours) VALUES ('Event Hall', '10:00-18:00');
INSERT INTO facilities (name, operating_hours) VALUES ('Dance Studio', '09:00-21:00');
INSERT INTO facilities (name, operating_hours) VALUES ('Outdoor Sports Field', '06:00-22:00');
INSERT INTO facilities (name, operating_hours) VALUES ('Innovation Hub', '08:00-20:00');
INSERT INTO facilities (name, operating_hours) VALUES ('Counseling Office', '09:00-17:00');
INSERT INTO facilities (name, operating_hours) VALUES ('Astronomy Observatory', '20:00-23:00');
INSERT INTO facilities (name, operating_hours) VALUES ('Film Screening Room', '10:00-22:00');
INSERT INTO facilities (name, operating_hours) VALUES ('Greenhouse', '07:00-16:00');
INSERT INTO facilities (name, operating_hours) VALUES ('Library Annex', '09:00-21:00');
INSERT INTO facilities (name, operating_hours) VALUES ('Swimming', '06:00-20:00');

-- table 4 - department
INSERT INTO department (name, head_of_department, faculty_id) VALUES ('Department of Geography', 'Sebastian Jucu', 1);
INSERT INTO department (name, head_of_department, faculty_id) VALUES ('Department of Software Engineering', 'Radu Vasilescu', 2);
INSERT INTO department (name, head_of_department, faculty_id) VALUES ('Department of Environmental Protection', 'Elena Popescu', 3);
INSERT INTO department (name, head_of_department, faculty_id) VALUES ('Department of Power Systems', 'Adrian Dumitrescu', 4);
INSERT INTO department (name, head_of_department, faculty_id) VALUES ('Department of Anatomy', 'Ioana Marinescu', 5);
INSERT INTO department (name, head_of_department, faculty_id) VALUES ('Department of Data Science', 'Sorin Andrei', 6);
INSERT INTO department (name, head_of_department, faculty_id) VALUES ('Department of Agriculture', 'Alina Georgescu', 7);
INSERT INTO department (name, head_of_department, faculty_id) VALUES ('Department of Modern Philosophy', 'Mihai Popa', 8);
INSERT INTO department (name, head_of_department, faculty_id) VALUES ('Department of History', 'Anca Popescu', 9);
INSERT INTO department (name, head_of_department, faculty_id) VALUES ('Department of Applied Mathematics', 'Gabriel Tudor', 10);
INSERT INTO department (name, head_of_department, faculty_id) VALUES ('Department of Microeconomics', 'Dana Constantinescu', 11);
INSERT INTO department (name, head_of_department, faculty_id) VALUES ('Department of Pharmacology', 'Cristian Voiculescu', 12);
INSERT INTO department (name, head_of_department, faculty_id) VALUES ('Department of Landscape Design', 'Daniela Radu', 13);
INSERT INTO department (name, head_of_department, faculty_id) VALUES ('Department of Crop Science', 'Mihai Pop', 14);
INSERT INTO department (name, head_of_department, faculty_id) VALUES ('Department of Comparative Literature', 'Ioana Manole', 15);
INSERT INTO department (name, head_of_department, faculty_id) VALUES ('Department of Graphic Design', 'Gabriel Toma', 16);
INSERT INTO department (name, head_of_department, faculty_id) VALUES ('Department of Sculpture', 'Maria Costea', 17);
INSERT INTO department (name, head_of_department, faculty_id) VALUES ('Department of Music Theory', 'Nicolae Dima', 18);
INSERT INTO department (name, head_of_department, faculty_id) VALUES ('Department of Criminal Law', 'Cristina Vasile', 19);
INSERT INTO department (name, head_of_department, faculty_id) VALUES ('Department of Structural Engineering', 'Andrei Ionescu', 20);
INSERT INTO department (name, head_of_department, faculty_id) VALUES ('Department of Industrial Design', 'Elena Iuga', 21);
INSERT INTO department (name, head_of_department, faculty_id) VALUES ('Department of Textile Arts', 'Mihai Preda', 22);
INSERT INTO department (name, head_of_department, faculty_id) VALUES ('Department of Military Communications', 'George Balan', 23);
INSERT INTO department (name, head_of_department, faculty_id) VALUES ('Department of Business Intelligence', 'Raluca Marin', 24);
INSERT INTO department (name, head_of_department, faculty_id) VALUES ('Department of Consumer Behavior', 'Alina Oprea', 25);
INSERT INTO department (name, head_of_department, faculty_id) VALUES ('Department of Virtual Reality', 'Catalin Dobre', 26);
INSERT INTO department (name, head_of_department, faculty_id) VALUES ('Department of Thermal Engineering', 'Alexandru Pavel', 27);
INSERT INTO department (name, head_of_department, faculty_id) VALUES ('Department of Sociology', 'Claudia Petrescu', 28);
INSERT INTO department (name, head_of_department, faculty_id) VALUES ('Department of Mechanical Systems', 'Sorina Paduraru', 29);
INSERT INTO department (name, head_of_department, faculty_id) VALUES ('Department of Fashion Design', 'Adriana Matei', 30);
INSERT INTO department (name, head_of_department, faculty_id) VALUES ('Department of Ecology', 'Florin Apostol', 31);
INSERT INTO department (name, head_of_department, faculty_id) VALUES ('Department of Sports Psychology', 'Lavinia Iancu', 32);
INSERT INTO department (name, head_of_department, faculty_id) VALUES ('Department of Educational Policies', 'Mihai Vladescu', 33);
INSERT INTO department (name, head_of_department, faculty_id) VALUES ('Department of Clinical Pharmacy', 'Sorin Radulescu', 34);
INSERT INTO department (name, head_of_department, faculty_id) VALUES ('Department of Urban Planning', 'Anca Olteanu', 35);
INSERT INTO department (name, head_of_department, faculty_id) VALUES ('Department of Environmental Engineering', 'Radu Gherghescu', 36);
INSERT INTO department (name, head_of_department, faculty_id) VALUES ('Department of Anthropology', 'Carmen Draghici', 37);
INSERT INTO department (name, head_of_department, faculty_id) VALUES ('Department of Dance Techniques', 'Maria Dobre', 38);
INSERT INTO department (name, head_of_department, faculty_id) VALUES ('Department of AI and Robotics', 'Vasile Tudor', 39);
INSERT INTO department (name, head_of_department, faculty_id) VALUES ('Department of Civil Law', 'Alina Popescu', 40);
INSERT INTO department (name, head_of_department, faculty_id) VALUES ('Department of Robotics', 'Ioana Ionescu', 41);
INSERT INTO department (name, head_of_department, faculty_id) VALUES ('Department of Data Science', 'Adrian Gheorghe', 42);
INSERT INTO department (name, head_of_department, faculty_id) VALUES ('Department of Astrophysics', 'Sorin Constantinescu', 43);
INSERT INTO department (name, head_of_department, faculty_id) VALUES ('Department of Financial Analysis', 'Laura Preda', 44);
INSERT INTO department (name, head_of_department, faculty_id) VALUES ('Department of Urban Planning', 'George Marin', 45);
INSERT INTO department (name, head_of_department, faculty_id) VALUES ('Department of Performance Arts', 'Ana-maria Voicu', 46);
INSERT INTO department (name, head_of_department, faculty_id) VALUES ('Department of Clinical Studies', 'Andrei Petrescu', 47);
INSERT INTO department (name, head_of_department, faculty_id) VALUES ('Department of Marketing and Strategy', 'Claudia Stefan', 48);
INSERT INTO department (name, head_of_department, faculty_id) VALUES ('Department of Music Composition', 'Valentin Anghel', 49);
INSERT INTO department (name, head_of_department, faculty_id) VALUES ('Department of Environmental Policy', 'Ruxandra Gheorghiu', 50); 

-- table 5 - teacher
INSERT INTO teacher (name, title, specialization, hire_date, email) VALUES ('Andrei Ionescu', 'Professor', 'Geography', '2012-03-15', 'andrei.ionescu@gmail.com');
INSERT INTO teacher (name, title, specialization, hire_date, email) VALUES ('Elena Popescu', 'Professor', 'Software Engineering', '2011-06-20', 'elena.popescu@gmail.com');
INSERT INTO teacher (name, title, specialization, hire_date, email) VALUES ('Adrian Dumitrescu', 'Professor', 'Environmental Protection', '2008-02-01', 'adrian.dumitrescu@gmail.com');
INSERT INTO teacher (name, title, specialization, hire_date, email) VALUES ('Ioana Marinescu', 'Lecturer', 'Power Systems Engineering', '2018-07-25', 'ioana.marinescu@gmail.com');
INSERT INTO teacher (name, title, specialization, hire_date, email) VALUES ('Sorin Andrei', 'Lecturer', 'Human Anatomy', '2016-04-14', 'sorin.andrei@gmail.com');
INSERT INTO teacher (name, title, specialization, hire_date, email) VALUES ('Alina Georgescu', 'Professor', 'Data Science', '2009-11-19', 'alina.georgescu@gmail.com');
INSERT INTO teacher (name, title, specialization, hire_date, email) VALUES ('Mihai Popa', 'Professor', 'Agricultural Engineering', '2013-03-27', 'mihai.popa@gmail.com');
INSERT INTO teacher (name, title, specialization, hire_date, email) VALUES ('Dana Constantinescu', 'Lecturer', 'Modern Philosophy', '2017-10-05', 'dana.constantinescu@gmail.com');
INSERT INTO teacher (name, title, specialization, hire_date, email) VALUES ('Cristian Voiculescu', 'Professor', 'History', '2005-05-10', 'cristian.voiculescu@gmail.com');
INSERT INTO teacher (name, title, specialization, hire_date, email) VALUES ('Daniela Radu', 'Professor', 'Applied Mathematics', '2012-09-15', 'daniela.radu@gmail.com');
INSERT INTO teacher (name, title, specialization, hire_date, email) VALUES ('Gabriel Tudor', 'Lecturer', 'Microeconomics', '2016-08-03', 'gabriel.tudor@gmail.com');
INSERT INTO teacher (name, title, specialization, hire_date, email) VALUES ('Ioana Manole', 'Lecturer', 'Pharmacology', '2018-11-20', 'ioana.manole@gmail.com');
INSERT INTO teacher (name, title, specialization, hire_date, email) VALUES ('Gabriel Toma', 'Professor', 'Landscape Design', '2010-01-14', 'gabriel.toma@gmail.com');
INSERT INTO teacher (name, title, specialization, hire_date, email) VALUES ('Maria Costea', 'Professor', 'Crop Science', '2014-06-18', 'maria.costea@gmail.com');
INSERT INTO teacher (name, title, specialization, hire_date, email) VALUES ('Nicolae Dima', 'Professor', 'Comparative Literature', '2007-02-25', 'nicolae.dima@gmail.com');
INSERT INTO teacher (name, title, specialization, hire_date, email) VALUES ('Cristina Vasile', 'Professor', 'Graphic Design', '2008-12-10', 'cristina.vasile@gmail.com');
INSERT INTO teacher (name, title, specialization, hire_date, email) VALUES ('Andrei Vladescu', 'Lecturer', 'Sculpture', '2019-04-11', 'andrei.vladescu@gmail.com');
INSERT INTO teacher (name, title, specialization, hire_date, email) VALUES ('Alina Popescu', 'Professor', 'Music Theory', '2015-07-30', 'alina.popescu@gmail.com');
INSERT INTO teacher (name, title, specialization, hire_date, email) VALUES ('Sorin Radulescu', 'Professor', 'Criminal Law', '2011-03-07', 'sorin.radulescu@gmail.com');
INSERT INTO teacher (name, title, specialization, hire_date, email) VALUES ('George Balan', 'Professor', 'Structural Engineering', '2006-05-25', 'george.balan@gmail.com');
INSERT INTO teacher (name, title, specialization, hire_date, email) VALUES ('Alexandru Pavel', 'Professor', 'Industrial Design', '2014-01-19', 'alexandru.pavel@gmail.com');
INSERT INTO teacher (name, title, specialization, hire_date, email) VALUES ('Radu Gherghescu', 'Professor', 'Textile Arts', '2012-04-22', 'radu.gherghescu@gmail.com');
INSERT INTO teacher (name, title, specialization, hire_date, email) VALUES ('Mihai Preda', 'Professor', 'Military Communications', '2018-09-13', 'mihai.preda@gmail.com');
INSERT INTO teacher (name, title, specialization, hire_date, email) VALUES ('Catalin Dobre', 'Professor', 'Business Intelligence', '2007-11-29', 'catalin.dobre@gmail.com');
INSERT INTO teacher (name, title, specialization, hire_date, email) VALUES ('Adriana Matei', 'Lecturer', 'Consumer Behavior', '2016-12-05', 'adriana.matei@gmail.com');
INSERT INTO teacher (name, title, specialization, hire_date, email) VALUES ('Florin Apostol', 'Professor', 'Virtual Reality', '2009-03-14', 'florin.apostol@gmail.com');
INSERT INTO teacher (name, title, specialization, hire_date, email) VALUES ('Claudia Petrescu', 'Associate Professor', 'Thermal Engineering', '2018-05-09', 'claudia.petrescu@gmail.com');
INSERT INTO teacher (name, title, specialization, hire_date, email) VALUES ('Lavinia Iancu', 'Professor', 'Sociology', '2010-09-21', 'lavinia.iancu@gmail.com');
INSERT INTO teacher (name, title, specialization, hire_date, email) VALUES ('Mihai Vladescu', 'Lecturer', 'Mechanical Systems', '2014-02-28', 'mihai.vladescu@gmail.com');
INSERT INTO teacher (name, title, specialization, hire_date, email) VALUES ('Anca Olteanu', 'Professor', 'Fashion Design', '2006-07-19', 'anca.olteanu@gmail.com');
INSERT INTO teacher (name, title, specialization, hire_date, email) VALUES ('Maria Dobre', 'Professor', 'Ecology', '2019-11-01', 'maria.dobre@gmail.com');
INSERT INTO teacher (name, title, specialization, hire_date, email) VALUES ('Radu Vasilescu', 'Lecturer', 'Sports Psychology', '2012-06-27', 'radu.vasilescu@gmail.com');
INSERT INTO teacher (name, title, specialization, hire_date, email) VALUES ('Elena Iuga', 'Associate Professor', 'Educational Policies', '2015-10-15', 'elena.iuga@gmail.com');
INSERT INTO teacher (name, title, specialization, hire_date, email) VALUES ('Mihai Pop', 'Professor', 'Clinical Pharmacy', '2008-08-30', 'mihai.pop@gmail.com');
INSERT INTO teacher (name, title, specialization, hire_date, email) VALUES ('Claudia Tudor', 'Lecturer', 'Urban Planning', '2018-12-20', 'claudia.tudor@gmail.com');
INSERT INTO teacher (name, title, specialization, hire_date, email) VALUES ('Anca Draghici', 'Professor', 'Environmental Engineering', '2005-03-19', 'anca.draghici@gmail.com');
INSERT INTO teacher (name, title, specialization, hire_date, email) VALUES ('Maria Dobre', 'Associate Professor', 'Anthropology', '2016-09-08', 'maria.dobre@gmail.com');
INSERT INTO teacher (name, title, specialization, hire_date, email) VALUES ('Vasile Tudor', 'Lecturer', 'Dance Techniques', '2009-12-01', 'vasile.tudor@gmail.com');
INSERT INTO teacher (name, title, specialization, hire_date, email) VALUES ('Gabriel Toma', 'Assistant Professor', 'AI and Robotics', '2019-06-16', 'gabriel.toma@gmail.com');
INSERT INTO teacher (name, title, specialization, hire_date, email) VALUES ('Ioana Marinescu', 'Professor', 'Civil Law', '2014-04-05', 'ioana.marinescu@gmail.com');
INSERT INTO teacher (name, title, specialization, hire_date, email) VALUES ('Popa Adrian', 'Professor', 'Artificial Intelligence Engineering', '2019-09-15', 'adrian.popa@gmail.com');
INSERT INTO teacher (name, title, specialization, hire_date, email) VALUES ('Popescu Elena', 'Lecturer', 'Big Data Analytics', '2020-02-01', 'elena.popescu@gmail.com');
INSERT INTO teacher (name, title, specialization, hire_date, email) VALUES ('Marin Ioan', 'Associate Professor', 'Stellar and Galactic Astronomy', '2018-07-10', 'ioan.marin@gmail.com');
INSERT INTO teacher (name, title, specialization, hire_date, email) VALUES ('Preda Simona', 'Professor', 'Financial Risk Management', '2017-01-20', 'simona.preda@gmail.com');
INSERT INTO teacher (name, title, specialization, hire_date, email) VALUES ('Cristea Vasile', 'Lecturer', 'Sustainable Urban Design', '2021-11-05', 'vasile.cristea@gmail.com');
INSERT INTO teacher (name, title, specialization, hire_date, email) VALUES ('Voicu Anamaria', 'Assistant Professor', 'Theatre and Performance', '2016-03-12', 'anamaria.voicu@gmail.com');
INSERT INTO teacher (name, title, specialization, hire_date, email) VALUES ('Dumitrescu Mihai', 'Professor', 'Advanced Medical Diagnostics', '2015-05-25', 'mihai.dumitrescu@gmail.com');
INSERT INTO teacher (name, title, specialization, hire_date, email) VALUES ('Ivan Camelia', 'Lecturer', 'Digital Marketing Strategy', '2022-08-30', 'camelia.ivan@gmail.com');
INSERT INTO teacher (name, title, specialization, hire_date, email) VALUES ('Anghel Valentin', 'Associate Professor', 'Music Theory and Composition', '2019-12-15', 'valentin.anghel@gmail.com');
INSERT INTO teacher (name, title, specialization, hire_date, email) VALUES ('Gheorghiu Ruxandra', 'Professor', 'Environmental Sustainability Policy', '2018-09-20', 'ruxandra.gheorghiu@gmail.com');

-- table 6 - specialization
INSERT INTO specialization (name, duration_years, department_id) VALUES ('Geography', 3, 1);
INSERT INTO specialization (name, duration_years, department_id) VALUES ('Software Engineering', 4, 2);
INSERT INTO specialization (name, duration_years, department_id) VALUES ('Environmental Protection', 3, 3);
INSERT INTO specialization (name, duration_years, department_id) VALUES ('Power Systems Engineering', 4, 4);
INSERT INTO specialization (name, duration_years, department_id) VALUES ('Human Anatomy', 3, 5);
INSERT INTO specialization (name, duration_years, department_id) VALUES ('Data Science', 4, 6);
INSERT INTO specialization (name, duration_years, department_id) VALUES ('Agricultural Engineering', 3, 7);
INSERT INTO specialization (name, duration_years, department_id) VALUES ('Modern Philosophy', 3, 8);
INSERT INTO specialization (name, duration_years, department_id) VALUES ('History', 3, 9);
INSERT INTO specialization (name, duration_years, department_id) VALUES ('Applied Mathematics', 4, 10);
INSERT INTO specialization (name, duration_years, department_id) VALUES ('Microeconomics', 3, 11);
INSERT INTO specialization (name, duration_years, department_id) VALUES ('Pharmacology', 4, 12);
INSERT INTO specialization (name, duration_years, department_id) VALUES ('Landscape Design', 3, 13);
INSERT INTO specialization (name, duration_years, department_id) VALUES ('Crop Science', 3, 14);
INSERT INTO specialization (name, duration_years, department_id) VALUES ('Comparative Literature', 3, 15);
INSERT INTO specialization (name, duration_years, department_id) VALUES ('Graphic Design', 3, 16);
INSERT INTO specialization (name, duration_years, department_id) VALUES ('Sculpture', 3, 17);
INSERT INTO specialization (name, duration_years, department_id) VALUES ('Music Theory', 3, 18);
INSERT INTO specialization (name, duration_years, department_id) VALUES ('Criminal Law', 4, 19);
INSERT INTO specialization (name, duration_years, department_id) VALUES ('Structural Engineering', 4, 20);
INSERT INTO specialization (name, duration_years, department_id) VALUES ('Industrial Design', 3, 21);
INSERT INTO specialization (name, duration_years, department_id) VALUES ('Textile Arts', 3, 22);
INSERT INTO specialization (name, duration_years, department_id) VALUES ('Military Communications', 4, 23);
INSERT INTO specialization (name, duration_years, department_id) VALUES ('Business Intelligence', 4, 24);
INSERT INTO specialization (name, duration_years, department_id) VALUES ('Consumer Behavior', 3, 25);
INSERT INTO specialization (name, duration_years, department_id) VALUES ('Virtual Reality', 4, 26);
INSERT INTO specialization (name, duration_years, department_id) VALUES ('Thermal Engineering', 4, 27);
INSERT INTO specialization (name, duration_years, department_id) VALUES ('Sociology', 3, 28);
INSERT INTO specialization (name, duration_years, department_id) VALUES ('Mechanical Systems', 4, 29);
INSERT INTO specialization (name, duration_years, department_id) VALUES ('Fashion Design', 3, 30);
INSERT INTO specialization (name, duration_years, department_id) VALUES ('Ecology', 3, 31);
INSERT INTO specialization (name, duration_years, department_id) VALUES ('Sports Psychology', 3, 32);
INSERT INTO specialization (name, duration_years, department_id) VALUES ('Educational Policies', 3, 33);
INSERT INTO specialization (name, duration_years, department_id) VALUES ('Clinical Pharmacy', 4, 34);
INSERT INTO specialization (name, duration_years, department_id) VALUES ('Urban Planning', 4, 35);
INSERT INTO specialization (name, duration_years, department_id) VALUES ('Environmental Engineering', 4, 36);
INSERT INTO specialization (name, duration_years, department_id) VALUES ('Anthropology', 3, 37);
INSERT INTO specialization (name, duration_years, department_id) VALUES ('Dance Techniques', 3, 38);
INSERT INTO specialization (name, duration_years, department_id) VALUES ('AI and Robotics', 4, 39);
INSERT INTO specialization (name, duration_years, department_id) VALUES ('Civil Law', 4, 40);
INSERT INTO specialization (name, duration_years, department_id) VALUES ('Artificial Intelligence Engineering', 4, 41);
INSERT INTO specialization (name, duration_years, department_id) VALUES ('Big Data Analytics', 3, 42);
INSERT INTO specialization (name, duration_years, department_id) VALUES ('Stellar and Galactic Astronomy', 4, 43);
INSERT INTO specialization (name, duration_years, department_id) VALUES ('Financial Risk Management', 3, 44);
INSERT INTO specialization (name, duration_years, department_id) VALUES ('Sustainable Urban Design', 4, 45);
INSERT INTO specialization (name, duration_years, department_id) VALUES ('Theatre and Performance', 3, 46);
INSERT INTO specialization (name, duration_years, department_id) VALUES ('Advanced Medical Diagnostics', 6, 47);
INSERT INTO specialization (name, duration_years, department_id) VALUES ('Digital Marketing Strategy', 3, 48);
INSERT INTO specialization (name, duration_years, department_id) VALUES ('Music Theory and Composition', 4, 49);
INSERT INTO specialization (name, duration_years, department_id) VALUES ('Environmental Sustainability Policy', 4, 50);

-- table 7 - courses
INSERT INTO courses (name, semester, total_hours, credits, teacher_id) VALUES ('General Physical Geography', 1, 21, 4, 1);
INSERT INTO courses (name, semester, total_hours, credits, teacher_id) VALUES ('Programming II', 2, 40, 6, 2);
INSERT INTO courses (name, semester, total_hours, credits, teacher_id) VALUES ('Sustainable Environmental Management', 1, 30, 4, 3);
INSERT INTO courses (name, semester, total_hours, credits, teacher_id) VALUES ('Renewable Energy Systems', 1, 35, 5, 4);
INSERT INTO courses (name, semester, total_hours, credits, teacher_id) VALUES ('Anatomy Basics', 2, 25, 3, 5);
INSERT INTO courses (name, semester, total_hours, credits, teacher_id) VALUES ('Introduction to Data Science', 1, 45, 6, 6);
INSERT INTO courses (name, semester, total_hours, credits, teacher_id) VALUES ('Soil Management Practices', 2, 30, 4, 7);
INSERT INTO courses (name, semester, total_hours, credits, teacher_id) VALUES ('Modern Philosophy Foundations', 1, 20, 3, 8);
INSERT INTO courses (name, semester, total_hours, credits, teacher_id) VALUES ('World History Overview', 2, 40, 4, 9);
INSERT INTO courses (name, semester, total_hours, credits, teacher_id) VALUES ('Applied Calculus', 1, 50, 5, 10);
INSERT INTO courses (name, semester, total_hours, credits, teacher_id) VALUES ('Microeconomics Principles', 1, 25, 3, 11);
INSERT INTO courses (name, semester, total_hours, credits, teacher_id) VALUES ('Pharmacology Basics', 2, 35, 6, 12);
INSERT INTO courses (name, semester, total_hours, credits, teacher_id) VALUES ('Landscape Planning', 1, 40, 5, 13);
INSERT INTO courses (name, semester, total_hours, credits, teacher_id) VALUES ('Crop Science Fundamentals', 2, 30, 4, 14);
INSERT INTO courses (name, semester, total_hours, credits, teacher_id) VALUES ('Comparative Literary Studies', 1, 20, 3, 15);
INSERT INTO courses (name, semester, total_hours, credits, teacher_id) VALUES ('Advanced Graphic Design', 2, 45, 6, 16);
INSERT INTO courses (name, semester, total_hours, credits, teacher_id) VALUES ('Sculpture Techniques', 1, 25, 4, 17);
INSERT INTO courses (name, semester, total_hours, credits, teacher_id) VALUES ('Music Theory Basics', 2, 30, 4, 18);
INSERT INTO courses (name, semester, total_hours, credits, teacher_id) VALUES ('Criminal Law Procedures', 1, 35, 5, 19);
INSERT INTO courses (name, semester, total_hours, credits, teacher_id) VALUES ('Structural Engineering Principles', 2, 40, 5, 20);
INSERT INTO courses (name, semester, total_hours, credits, teacher_id) VALUES ('Industrial Design Techniques', 1, 30, 4, 21);
INSERT INTO courses (name, semester, total_hours, credits, teacher_id) VALUES ('Textile Arts Basics', 2, 20, 3, 22);
INSERT INTO courses (name, semester, total_hours, credits, teacher_id) VALUES ('Military Communication Systems', 1, 35, 5, 23);
INSERT INTO courses (name, semester, total_hours, credits, teacher_id) VALUES ('Business Intelligence Applications', 2, 40, 6, 24);
INSERT INTO courses (name, semester, total_hours, credits, teacher_id) VALUES ('Consumer Behavior Analysis', 1, 30, 4, 25);
INSERT INTO courses (name, semester, total_hours, credits, teacher_id) VALUES ('Virtual Reality Development', 2, 45, 6, 26);
INSERT INTO courses (name, semester, total_hours, credits, teacher_id) VALUES ('Thermal Engineering Basics', 1, 40, 5, 27);
INSERT INTO courses (name, semester, total_hours, credits, teacher_id) VALUES ('Sociology Fundamentals', 2, 30, 4, 28);
INSERT INTO courses (name, semester, total_hours, credits, teacher_id) VALUES ('Mechanical Systems Design', 1, 35, 5, 29);
INSERT INTO courses (name, semester, total_hours, credits, teacher_id) VALUES ('Fashion Design Principles', 2, 25, 3, 30);
INSERT INTO courses (name, semester, total_hours, credits, teacher_id) VALUES ('Ecological Systems', 1, 30, 4, 31);
INSERT INTO courses (name, semester, total_hours, credits, teacher_id) VALUES ('Sports Psychology Overview', 2, 25, 3, 32);
INSERT INTO courses (name, semester, total_hours, credits, teacher_id) VALUES ('Educational Policy Analysis', 1, 35, 5, 33);
INSERT INTO courses (name, semester, total_hours, credits, teacher_id) VALUES ('Clinical Pharmacy Practices', 2, 40, 6, 34);
INSERT INTO courses (name, semester, total_hours, credits, teacher_id) VALUES ('Urban Planning Fundamentals', 1, 45, 5, 35);
INSERT INTO courses (name, semester, total_hours, credits, teacher_id) VALUES ('Environmental Engineering Basics', 2, 30, 4, 36);
INSERT INTO courses (name, semester, total_hours, credits, teacher_id) VALUES ('Cultural Anthropology', 1, 20, 3, 37);
INSERT INTO courses (name, semester, total_hours, credits, teacher_id) VALUES ('Dance Techniques Basics', 2, 25, 3, 38);
INSERT INTO courses (name, semester, total_hours, credits, teacher_id) VALUES ('AI and Robotics Foundations', 1, 50, 6, 39);
INSERT INTO courses (name, semester, total_hours, credits, teacher_id) VALUES ('Civil Law Essentials', 2, 30, 4, 40);
INSERT INTO courses (name, semester, total_hours, credits, teacher_id) VALUES ('Introduction to Artificial Intelligence', 1, 60, 5, 41);
INSERT INTO courses (name, semester, total_hours, credits, teacher_id) VALUES ('Introduction to Big Data', 1, 40, 4, 42);
INSERT INTO courses (name, semester, total_hours, credits, teacher_id) VALUES ('Fundamentals of Astronomy', 2, 45, 5, 43);
INSERT INTO courses (name, semester, total_hours, credits, teacher_id) VALUES ('Introduction to Financial Risk', 2, 50, 6, 44);
INSERT INTO courses (name, semester, total_hours, credits, teacher_id) VALUES ('Principles of Urban Planning', 1, 40, 6, 45);
INSERT INTO courses (name, semester, total_hours, credits, teacher_id) VALUES ('Introduction to Theatre', 1, 60, 5, 46);
INSERT INTO courses (name, semester, total_hours, credits, teacher_id) VALUES ('Basics of Medical Imaging', 2, 55, 6, 47);
INSERT INTO courses (name, semester, total_hours, credits, teacher_id) VALUES ('Introduction to Digital Marketing', 1, 30, 5, 48);
INSERT INTO courses (name, semester, total_hours, credits, teacher_id) VALUES ('Fundamentals of Music Theory', 1, 35, 5, 49);
INSERT INTO courses (name, semester, total_hours, credits, teacher_id) VALUES ('Introduction to Environmental Policy', 2, 40, 5, 50);

-- table 8 - student
INSERT INTO student (name, email, phone, origin_env) VALUES ('Heciko Raul', 'heciko.raul@gmail.com', 0751513066, 'rural');
INSERT INTO student (name, email, phone, origin_env) VALUES ('Magin Alexandru', 'magin.alex@gmail.com', 0731673091, 'rural');
INSERT INTO student (name, email, phone, origin_env) VALUES ('Pop Victor', 'pop.victor@gmail.com', 0782109873, 'urban');
INSERT INTO student (name, email, phone, origin_env) VALUES ('Antonescu Bianca', 'antonescu.bianca@gmail.com', 0743098182, 'urban');
INSERT INTO student (name, email, phone, origin_env) VALUES ('Popa Alex', 'popa.alex@gmail.com', 0789102092, 'rural');
INSERT INTO student (name, email, phone, origin_env) VALUES ('Popescu Iulia', 'popescu.iulia@gmail.com', 0752102012, 'urban');
INSERT INTO student (name, email, phone, origin_env) VALUES ('Man Andreea', 'man.andreea@gmail.com', 0721162032, 'rural');
INSERT INTO student (name, email, phone, origin_env) VALUES ('Georgescu Fabian', 'georgescu.fabian@gmail.com', 0752152090, 'rural');
INSERT INTO student (name, email, phone, origin_env) VALUES ('Popa Crina', 'popa.crina@gmail.com', 0731172092, 'urban');
INSERT INTO student (name, email, phone, origin_env) VALUES ('Popa Alex', 'popa.alex@gmail.com', 0789102092, 'rural');
INSERT INTO student (name, email, phone, origin_env) VALUES ('Ionescu Maria', 'ionescu.maria@gmail.com', 0758234512, 'urban');
INSERT INTO student (name, email, phone, origin_env) VALUES ('Dumitru Andrei', 'dumitru.andrei@gmail.com', 0723456721, 'rural');
INSERT INTO student (name, email, phone, origin_env) VALUES ('Marinescu Ioana', 'marinescu.ioana@gmail.com', 0711234567, 'urban');
INSERT INTO student (name, email, phone, origin_env) VALUES ('Constantin Mihai', 'constantin.mihai@gmail.com', 0749087612, 'rural');
INSERT INTO student (name, email, phone, origin_env) VALUES ('Vasilescu Alina', 'vasilescu.alina@gmail.com', 0746723458, 'urban');
INSERT INTO student (name, email, phone, origin_env) VALUES ('Petrescu Elena', 'petrescu.elena@gmail.com', 0764567890, 'urban');
INSERT INTO student (name, email, phone, origin_env) VALUES ('Tudor Sorin', 'tudor.sorin@gmail.com', 0771456783, 'rural');
INSERT INTO student (name, email, phone, origin_env) VALUES ('Dobre Claudia', 'dobre.claudia@gmail.com', 0783456729, 'urban');
INSERT INTO student (name, email, phone, origin_env) VALUES ('Manolescu Radu', 'manolescu.radu@gmail.com', 0798765432, 'rural');
INSERT INTO student (name, email, phone, origin_env) VALUES ('Stoica Lavinia', 'stoica.lavinia@gmail.com', 0721122334, 'urban');
INSERT INTO student (name, email, phone, origin_env) VALUES ('Iorga Gabriel', 'iorga.gabriel@gmail.com', 0735678901, 'rural');
INSERT INTO student (name, email, phone, origin_env) VALUES ('Gheorghe Ioan', 'gheorghe.ioan@gmail.com', 0752233445, 'urban');
INSERT INTO student (name, email, phone, origin_env) VALUES ('Popescu Dana', 'popescu.dana@gmail.com', 0756789012, 'urban');
INSERT INTO student (name, email, phone, origin_env) VALUES ('Stanciu Anca', 'stanciu.anca@gmail.com', 0753344556, 'rural');
INSERT INTO student (name, email, phone, origin_env) VALUES ('Nedelcu Florin', 'nedelcu.florin@gmail.com', 0727890123, 'urban');
INSERT INTO student (name, email, phone, origin_env) VALUES ('Moldovan Cristina', 'moldovan.cristina@gmail.com', 0784455667, 'rural');
INSERT INTO student (name, email, phone, origin_env) VALUES ('Niculescu Victor', 'niculescu.victor@gmail.com', 0798901234, 'urban');
INSERT INTO student (name, email, phone, origin_env) VALUES ('Stanescu Ioana', 'stanescu.ioana@gmail.com', 0765566778, 'rural');
INSERT INTO student (name, email, phone, origin_env) VALUES ('Dragomir Mihai', 'dragomir.mihai@gmail.com', 0739012345, 'urban');
INSERT INTO student (name, email, phone, origin_env) VALUES ('Barbu Andreea', 'barbu.andreea@gmail.com', 0716677889, 'urban');
INSERT INTO student (name, email, phone, origin_env) VALUES ('Radu Stefan', 'radu.stefan@gmail.com', 0750123456, 'rural');
INSERT INTO student (name, email, phone, origin_env) VALUES ('Costache Daniela', 'costache.daniela@gmail.com', 0787788990, 'urban');
INSERT INTO student (name, email, phone, origin_env) VALUES ('Avram Gabriel', 'avram.gabriel@gmail.com', 0741239876, 'rural');
INSERT INTO student (name, email, phone, origin_env) VALUES ('Teodorescu Ioan', 'teodorescu.ioan@gmail.com', 0748899001, 'urban');
INSERT INTO student (name, email, phone, origin_env) VALUES ('Gavril Maria', 'gavril.maria@gmail.com', 0732345678, 'urban');
INSERT INTO student (name, email, phone, origin_env) VALUES ('Boian George', 'boian.george@gmail.com', 0719900112, 'rural');
INSERT INTO student (name, email, phone, origin_env) VALUES ('Ene Carmen', 'ene.carmen@gmail.com', 0783456789, 'urban');
INSERT INTO student (name, email, phone, origin_env) VALUES ('Apostol Liviu', 'apostol.liviu@gmail.com', 0780011223, 'rural');
INSERT INTO student (name, email, phone, origin_env) VALUES ('Balint Sorina', 'balint.sorina@gmail.com', 0794567890, 'urban');
INSERT INTO student (name, email, phone, origin_env) VALUES ('Tanase Alina', 'tanase.alina@gmail.com', 0751234567, 'rural');
INSERT INTO student (name, email, phone, origin_env) VALUES ('Ionescu George', 'ionescu.george@gmail.com', 0722345678, 'rural');
INSERT INTO student (name, email, phone, origin_env) VALUES ('Radu Claudia', 'radu.claudia@gmail.com', 0753344556, 'urban');
INSERT INTO student (name, email, phone, origin_env) VALUES ('Pop Andrei', 'pop.andrei@gmail.com', 0731122334, 'rural');
INSERT INTO student (name, email, phone, origin_env) VALUES ('Stoian Bianca', 'stoian.bianca@gmail.com', 0782233445, 'urban');
INSERT INTO student (name, email, phone, origin_env) VALUES ('Dragos Maria', 'dragos.maria@gmail.com', 0763344556, 'rural');
INSERT INTO student (name, email, phone, origin_env) VALUES ('Lazar Mihai', 'lazar.mihai@gmail.com', 0744455667, 'urban');
INSERT INTO student (name, email, phone, origin_env) VALUES ('Marcu Ioana', 'marcu.ioana@gmail.com', 0715566778, 'rural');
INSERT INTO student (name, email, phone, origin_env) VALUES ('Filip Elena', 'filip.elena@gmail.com', 0796677889, 'urban');
INSERT INTO student (name, email, phone, origin_env) VALUES ('Toma Victor', 'toma.victor@gmail.com', 0727788990, 'rural');
INSERT INTO student (name, email, phone, origin_env) VALUES ('Ciobanu Sorin', 'ciobanu.sorin@gmail.com', 0738899001, 'urban');

-- table 9 - grades
INSERT INTO grades (grade, promotion_note, grade_date, courses_id, student_id) VALUES (10, true, '2022-01-23', 1, 1);
INSERT INTO grades (grade, promotion_note, grade_date, courses_id, student_id) VALUES (8.5, true, '2023-02-15', 2, 2);
INSERT INTO grades (grade, promotion_note, grade_date, courses_id, student_id) VALUES (9.2, true, '2022-06-16', 3, 3);
INSERT INTO grades (grade, promotion_note, grade_date, courses_id, student_id) VALUES (7.8, true, '2021-01-18', 4, 4);
INSERT INTO grades (grade, promotion_note, grade_date, courses_id, student_id) VALUES (10, true, '2023-06-21', 5, 5);
INSERT INTO grades (grade, promotion_note, grade_date, courses_id, student_id) VALUES (6.5, true, '2024-01-19', 6, 6);
INSERT INTO grades (grade, promotion_note, grade_date, courses_id, student_id) VALUES (8, true, '2020-01-31', 7, 7);
INSERT INTO grades (grade, promotion_note, grade_date, courses_id, student_id) VALUES (7.3, true, '2018-06-21', 8, 8);
INSERT INTO grades (grade, promotion_note, grade_date, courses_id, student_id) VALUES (9.5, true, '2010-02-15', 9, 9);
INSERT INTO grades (grade, promotion_note, grade_date, courses_id, student_id) VALUES (8.7, true, '2024-01-31', 10, 10);
INSERT INTO grades (grade, promotion_note, grade_date, courses_id, student_id) VALUES (7, true, '2017-06-30', 11, 11);
INSERT INTO grades (grade, promotion_note, grade_date, courses_id, student_id) VALUES (6.8, true, '2011-07-01', 12, 12);
INSERT INTO grades (grade, promotion_note, grade_date, courses_id, student_id) VALUES (8.9, true, '2019-01-30', 13, 13);
INSERT INTO grades (grade, promotion_note, grade_date, courses_id, student_id) VALUES (9.8, true, '2022-06-27', 14, 14);
INSERT INTO grades (grade, promotion_note, grade_date, courses_id, student_id) VALUES (10, true, '2013-02-13', 15, 15);
INSERT INTO grades (grade, promotion_note, grade_date, courses_id, student_id) VALUES (7.5, true, '2010-01-19', 16, 16);
INSERT INTO grades (grade, promotion_note, grade_date, courses_id, student_id) VALUES (8.3, true, '2020-06-30', 17, 17);
INSERT INTO grades (grade, promotion_note, grade_date, courses_id, student_id) VALUES (6.7, true, '2016-01-31', 18, 18);
INSERT INTO grades (grade, promotion_note, grade_date, courses_id, student_id) VALUES (7.9, true, '2005-02-01', 19, 19);
INSERT INTO grades (grade, promotion_note, grade_date, courses_id, student_id) VALUES (9, true, '2023-07-07', 20, 20);
INSERT INTO grades (grade, promotion_note, grade_date, courses_id, student_id) VALUES (6, true, '2018-02-03', 21, 21);
INSERT INTO grades (grade, promotion_note, grade_date, courses_id, student_id) VALUES (8.4, true, '2014-06-15', 22, 22);
INSERT INTO grades (grade, promotion_note, grade_date, courses_id, student_id) VALUES (9, true, '2020-02-11', 23, 23);
INSERT INTO grades (grade, promotion_note, grade_date, courses_id, student_id) VALUES (8.1, true, '2007-07-07', 24, 24);
INSERT INTO grades (grade, promotion_note, grade_date, courses_id, student_id) VALUES (7.6, true, '2022-02-03', 25, 25);
INSERT INTO grades (grade, promotion_note, grade_date, courses_id, student_id) VALUES (10, true, '2012-01-19', 26, 26);
INSERT INTO grades (grade, promotion_note, grade_date, courses_id, student_id) VALUES (6.9, true, '2017-07-10', 27, 27);
INSERT INTO grades (grade, promotion_note, grade_date, courses_id, student_id) VALUES (7.4, true, '2024-02-02', 28, 28);
INSERT INTO grades (grade, promotion_note, grade_date, courses_id, student_id) VALUES (8.8, true, '2010-06-12', 29, 29);
INSERT INTO grades (grade, promotion_note, grade_date, courses_id, student_id) VALUES (9.7, true, '2002-07-01', 30, 30);
INSERT INTO grades (grade, promotion_note, grade_date, courses_id, student_id) VALUES (7.1, true, '2022-02-09', 31, 31);
INSERT INTO grades (grade, promotion_note, grade_date, courses_id, student_id) VALUES (8.6, true, '2014-06-15', 32, 32);
INSERT INTO grades (grade, promotion_note, grade_date, courses_id, student_id) VALUES (9.3, true, '2010-02-13', 33, 33);
INSERT INTO grades (grade, promotion_note, grade_date, courses_id, student_id) VALUES (6.4, true, '2023-01-18', 34, 34);
INSERT INTO grades (grade, promotion_note, grade_date, courses_id, student_id) VALUES (10, true, '2019-02-18', 35, 35);
INSERT INTO grades (grade, promotion_note, grade_date, courses_id, student_id) VALUES (9.4, true, '2000-07-13', 36, 36);
INSERT INTO grades (grade, promotion_note, grade_date, courses_id, student_id) VALUES (8.2, true, '2004-01-23', 37, 37);
INSERT INTO grades (grade, promotion_note, grade_date, courses_id, student_id) VALUES (7.7, true, '2022-02-05', 38, 38);
INSERT INTO grades (grade, promotion_note, grade_date, courses_id, student_id) VALUES (4.5, false, '2014-06-21', 39, 39);
INSERT INTO grades (grade, promotion_note, grade_date, courses_id, student_id) VALUES (6.7, true, '2020-07-10', 40, 40);
INSERT INTO grades (grade, promotion_note, grade_date, courses_id, student_id) VALUES (9.1, true, '2014-01-15', 41, 41);
INSERT INTO grades (grade, promotion_note, grade_date, courses_id, student_id) VALUES (7.2, true, '2023-02-21', 42, 42);
INSERT INTO grades (grade, promotion_note, grade_date, courses_id, student_id) VALUES (8, true, '2024-06-17', 43, 43);
INSERT INTO grades (grade, promotion_note, grade_date, courses_id, student_id) VALUES (6.3, true, '2021-02-08', 44, 44);
INSERT INTO grades (grade, promotion_note, grade_date, courses_id, student_id) VALUES (9.5, true, '2020-06-19', 45, 45);
INSERT INTO grades (grade, promotion_note, grade_date, courses_id, student_id) VALUES (4.4, false, '2014-07-03', 46, 46);
INSERT INTO grades (grade, promotion_note, grade_date, courses_id, student_id) VALUES (7.9, true, '2004-01-21', 47, 47);
INSERT INTO grades (grade, promotion_note, grade_date, courses_id, student_id) VALUES (9, true, '2021-06-12', 48, 48);
INSERT INTO grades (grade, promotion_note, grade_date, courses_id, student_id) VALUES (6.2, true, '2020-01-22', 49, 49);
INSERT INTO grades (grade, promotion_note, grade_date, courses_id, student_id) VALUES (8.3, true, '2022-01-24', 50, 50);

-- table 10 - registration
INSERT INTO registration (enrollment_year, status, faculty_id, student_id) VALUES (2022, 'active', 1, 1);
INSERT INTO registration (enrollment_year, status, faculty_id, student_id) VALUES (2023, 'active', 2, 2);
INSERT INTO registration (enrollment_year, status, faculty_id, student_id) VALUES (2021, 'active', 3, 3);
INSERT INTO registration (enrollment_year, status, faculty_id, student_id) VALUES (2020, 'graduated', 4, 4);
INSERT INTO registration (enrollment_year, status, faculty_id, student_id) VALUES (2022, 'active', 5, 5);
INSERT INTO registration (enrollment_year, status, faculty_id, student_id) VALUES (2023, 'active', 6, 6);
INSERT INTO registration (enrollment_year, status, faculty_id, student_id) VALUES (2019, 'graduated', 7, 7);
INSERT INTO registration (enrollment_year, status, faculty_id, student_id) VALUES (2018, 'graduated', 8, 8);
INSERT INTO registration (enrollment_year, status, faculty_id, student_id) VALUES (2010, 'graduated', 9, 9);
INSERT INTO registration (enrollment_year, status, faculty_id, student_id) VALUES (2024, 'active', 10, 10);
INSERT INTO registration (enrollment_year, status, faculty_id, student_id) VALUES (2017, 'graduated', 11, 11);
INSERT INTO registration (enrollment_year, status, faculty_id, student_id) VALUES (2011, 'graduated', 12, 12);
INSERT INTO registration (enrollment_year, status, faculty_id, student_id) VALUES (2019, 'graduated', 13, 13);
INSERT INTO registration (enrollment_year, status, faculty_id, student_id) VALUES (2022, 'active', 14, 14);
INSERT INTO registration (enrollment_year, status, faculty_id, student_id) VALUES (2013, 'graduated', 15, 15);
INSERT INTO registration (enrollment_year, status, faculty_id, student_id) VALUES (2010, 'graduated', 16, 16);
INSERT INTO registration (enrollment_year, status, faculty_id, student_id) VALUES (2020, 'graduated', 17, 17);
INSERT INTO registration (enrollment_year, status, faculty_id, student_id) VALUES (2016, 'graduated', 18, 18);
INSERT INTO registration (enrollment_year, status, faculty_id, student_id) VALUES (2005, 'graduated', 19, 19);
INSERT INTO registration (enrollment_year, status, faculty_id, student_id) VALUES (2023, 'active', 20, 20);
INSERT INTO registration (enrollment_year, status, faculty_id, student_id) VALUES (2018, 'graduated', 21, 21);
INSERT INTO registration (enrollment_year, status, faculty_id, student_id) VALUES (2014, 'graduated', 22, 22);
INSERT INTO registration (enrollment_year, status, faculty_id, student_id) VALUES (2020, 'graduated', 23, 23);
INSERT INTO registration (enrollment_year, status, faculty_id, student_id) VALUES (2007, 'graduated', 24, 24);
INSERT INTO registration (enrollment_year, status, faculty_id, student_id) VALUES (2022, 'active', 25, 25);
INSERT INTO registration (enrollment_year, status, faculty_id, student_id) VALUES (2012, 'graduated', 26, 26);
INSERT INTO registration (enrollment_year, status, faculty_id, student_id) VALUES (2017, 'graduated', 27, 27);
INSERT INTO registration (enrollment_year, status, faculty_id, student_id) VALUES (2024, 'active', 28, 28);
INSERT INTO registration (enrollment_year, status, faculty_id, student_id) VALUES (2010, 'graduated', 29, 29);
INSERT INTO registration (enrollment_year, status, faculty_id, student_id) VALUES (2002, 'graduated', 30, 30);
INSERT INTO registration (enrollment_year, status, faculty_id, student_id) VALUES (2022, 'active', 31, 31);
INSERT INTO registration (enrollment_year, status, faculty_id, student_id) VALUES (2014, 'graduated', 32, 32);
INSERT INTO registration (enrollment_year, status, faculty_id, student_id) VALUES (2010, 'graduated', 33, 33);
INSERT INTO registration (enrollment_year, status, faculty_id, student_id) VALUES (2023, 'active', 34, 34);
INSERT INTO registration (enrollment_year, status, faculty_id, student_id) VALUES (2019, 'graduated', 35, 35);
INSERT INTO registration (enrollment_year, status, faculty_id, student_id) VALUES (2000, 'graduated', 36, 36);
INSERT INTO registration (enrollment_year, status, faculty_id, student_id) VALUES (2004, 'graduated', 37, 37);
INSERT INTO registration (enrollment_year, status, faculty_id, student_id) VALUES (2022, 'active', 38, 38);
INSERT INTO registration (enrollment_year, status, faculty_id, student_id) VALUES (2014, 'graduated', 39, 39);
INSERT INTO registration (enrollment_year, status, faculty_id, student_id) VALUES (2020, 'graduated', 40, 40);
INSERT INTO registration (enrollment_year, status, faculty_id, student_id) VALUES (2014, 'graduated', 41, 41);
INSERT INTO registration (enrollment_year, status, faculty_id, student_id) VALUES (2023, 'active', 42, 42);
INSERT INTO registration (enrollment_year, status, faculty_id, student_id) VALUES (2024, 'active', 43, 43);
INSERT INTO registration (enrollment_year, status, faculty_id, student_id) VALUES (2021, 'graduated', 44, 44);
INSERT INTO registration (enrollment_year, status, faculty_id, student_id) VALUES (2020, 'active', 45, 45);
INSERT INTO registration (enrollment_year, status, faculty_id, student_id) VALUES (2014, 'graduated', 46, 46);
INSERT INTO registration (enrollment_year, status, faculty_id, student_id) VALUES (2004, 'graduated', 47, 47);
INSERT INTO registration (enrollment_year, status, faculty_id, student_id) VALUES (2021, 'active', 48, 48);
INSERT INTO registration (enrollment_year, status, faculty_id, student_id) VALUES (2020, 'graduated', 49, 49);
INSERT INTO registration (enrollment_year, status, faculty_id, student_id) VALUES (2022, 'active', 50, 50);


-- table 11 - student_goals
INSERT INTO student_goals (goal_description, status, student_id) VALUES ('Maintain an average grade above 9', 'Finalized', 1);
INSERT INTO student_goals (goal_description, status, student_id) VALUES ('Pass all exams with excellent results', 'In progress', 2);
INSERT INTO student_goals (goal_description, status, student_id) VALUES ('Achieve an average grade above 8.5', 'Delayed', 3);
INSERT INTO student_goals (goal_description, status, student_id) VALUES ('Finish all exams successfully', 'In progress', 4);
INSERT INTO student_goals (goal_description, status, student_id) VALUES ('Maintain an average grade above 8', 'Finalized', 5);
INSERT INTO student_goals (goal_description, status, student_id) VALUES ('Achieve an average grade above 9.5', 'Completed', 6);
INSERT INTO student_goals (goal_description, status, student_id) VALUES ('Finish all exams successfully', 'In progress', 7);
INSERT INTO student_goals (goal_description, status, student_id) VALUES ('Pass all exams with excellent results', 'Completed', 8);
INSERT INTO student_goals (goal_description, status, student_id) VALUES ('Maintain an average grade above 9.5', 'Delayed', 9);
INSERT INTO student_goals (goal_description, status, student_id) VALUES ('Achieve an average grade above 7.5', 'In progress', 10);
INSERT INTO student_goals (goal_description, status, student_id) VALUES ('Finish all exams successfully', 'Finalized', 11);
INSERT INTO student_goals (goal_description, status, student_id) VALUES ('Pass all exams with excellent results', 'In progress', 12);
INSERT INTO student_goals (goal_description, status, student_id) VALUES ('Maintain an average grade above 9', 'Completed', 13);
INSERT INTO student_goals (goal_description, status, student_id) VALUES ('Achieve an average grade above 8', 'In progress', 14);
INSERT INTO student_goals (goal_description, status, student_id) VALUES ('Finish all exams successfully', 'In progress', 15);
INSERT INTO student_goals (goal_description, status, student_id) VALUES ('Pass all exams with excellent results', 'Delayed', 16);
INSERT INTO student_goals (goal_description, status, student_id) VALUES ('Maintain an average grade above 9', 'Completed', 17);
INSERT INTO student_goals (goal_description, status, student_id) VALUES ('Achieve an average grade above 9', 'In progress', 18);
INSERT INTO student_goals (goal_description, status, student_id) VALUES ('Finish all exams successfully', 'Finalized', 19);
INSERT INTO student_goals (goal_description, status, student_id) VALUES ('Pass all exams with excellent results', 'Completed', 20);
INSERT INTO student_goals (goal_description, status, student_id) VALUES ('Maintain an average grade above 7', 'In progress', 21);
INSERT INTO student_goals (goal_description, status, student_id) VALUES ('Achieve an average grade above 8.5', 'In progress', 22);
INSERT INTO student_goals (goal_description, status, student_id) VALUES ('Finish all exams successfully', 'Delayed', 23);
INSERT INTO student_goals (goal_description, status, student_id) VALUES ('Pass all exams with excellent results', 'In progress', 24);
INSERT INTO student_goals (goal_description, status, student_id) VALUES ('Maintain an average grade above 8', 'Completed', 25);
INSERT INTO student_goals (goal_description, status, student_id) VALUES ('Achieve an average grade above 8.5', 'In progress', 26);
INSERT INTO student_goals (goal_description, status, student_id) VALUES ('Finish all exams successfully', 'In progress', 27);
INSERT INTO student_goals (goal_description, status, student_id) VALUES ('Maintain an average grade above 7', 'Delayed', 28);
INSERT INTO student_goals (goal_description, status, student_id) VALUES ('Achieve an average grade above 6.5', 'In progress', 29);
INSERT INTO student_goals (goal_description, status, student_id) VALUES ('Finish all exams successfully', 'Finalized', 30);
INSERT INTO student_goals (goal_description, status, student_id) VALUES ('Maintain an average grade above 9', 'Completed', 31);
INSERT INTO student_goals (goal_description, status, student_id) VALUES ('Achieve an average grade above 8.5', 'In progress', 32);
INSERT INTO student_goals (goal_description, status, student_id) VALUES ('Finish all exams successfully', 'In progress', 33);
INSERT INTO student_goals (goal_description, status, student_id) VALUES ('Maintain an average grade above 9.5', 'Finalized', 34);
INSERT INTO student_goals (goal_description, status, student_id) VALUES ('Achieve an average grade above 8', 'In progress', 35);
INSERT INTO student_goals (goal_description, status, student_id) VALUES ('Finish all exams successfully', 'Delayed', 36);
INSERT INTO student_goals (goal_description, status, student_id) VALUES ('Pass all exams with excellent results', 'Completed', 37);
INSERT INTO student_goals (goal_description, status, student_id) VALUES ('Maintain an average grade above 9.5', 'In progress', 38);
INSERT INTO student_goals (goal_description, status, student_id) VALUES ('Achieve an average grade above 7.5', 'Finalized', 39);
INSERT INTO student_goals (goal_description, status, student_id) VALUES ('Maintain an average grade above 9', 'In progress', 40);
INSERT INTO student_goals (goal_description, status, student_id) VALUES ('Pass all exams with excellent results', 'Finalized', 41);
INSERT INTO student_goals (goal_description, status, student_id) VALUES ('Achieve an average grade above 8', 'In progress', 42);
INSERT INTO student_goals (goal_description, status, student_id) VALUES ('Finish all exams successfully', 'Delayed', 43);
INSERT INTO student_goals (goal_description, status, student_id) VALUES ('Pass all exams with excellent results', 'In progress', 44);
INSERT INTO student_goals (goal_description, status, student_id) VALUES ('Maintain an average grade above 9.5', 'Completed', 45);
INSERT INTO student_goals (goal_description, status, student_id) VALUES ('Achieve an average grade above 7.5', 'In progress', 46);
INSERT INTO student_goals (goal_description, status, student_id) VALUES ('Pass all exams with excellent results', 'Finalized', 47);
INSERT INTO student_goals (goal_description, status, student_id) VALUES ('Maintain an average grade above 8', 'Delayed', 48);
INSERT INTO student_goals (goal_description, status, student_id) VALUES ('Achieve an average grade above 9.5', 'Completed', 49);
INSERT INTO student_goals (goal_description, status, student_id) VALUES ('Finish all exams successfully', 'In progress', 50);

-- table 12 - feedback
INSERT INTO feedback (rating, feedback_date, student_id, courses_id, teacher_id) VALUES (9, '2022-01-24', 1, 1, 1);
INSERT INTO feedback (rating, feedback_date, student_id, courses_id, teacher_id) VALUES (8, '2023-02-16', 2, 2, 2);
INSERT INTO feedback (rating, feedback_date, student_id, courses_id, teacher_id) VALUES (10, '2022-06-17', 3, 3, 3);
INSERT INTO feedback (rating, feedback_date, student_id, courses_id, teacher_id) VALUES (7, '2021-01-19', 4, 4, 4);
INSERT INTO feedback (rating, feedback_date, student_id, courses_id, teacher_id) VALUES (10, '2023-06-22', 5, 5, 5);
INSERT INTO feedback (rating, feedback_date, student_id, courses_id, teacher_id) VALUES (6, '2024-01-20', 6, 6, 6);
INSERT INTO feedback (rating, feedback_date, student_id, courses_id, teacher_id) VALUES (8, '2020-02-01', 7, 7, 7);
INSERT INTO feedback (rating, feedback_date, student_id, courses_id, teacher_id) VALUES (7, '2018-06-22', 8, 8, 8);
INSERT INTO feedback (rating, feedback_date, student_id, courses_id, teacher_id) VALUES (9, '2010-02-16', 9, 9, 9);
INSERT INTO feedback (rating, feedback_date, student_id, courses_id, teacher_id) VALUES (8, '2024-02-01', 10, 10, 10);
INSERT INTO feedback (rating, feedback_date, student_id, courses_id, teacher_id) VALUES (4, '2017-07-01', 11, 11, 11);
INSERT INTO feedback (rating, feedback_date, student_id, courses_id, teacher_id) VALUES (5, '2011-07-02', 12, 12, 12);
INSERT INTO feedback (rating, feedback_date, student_id, courses_id, teacher_id) VALUES (9, '2019-01-31', 13, 13, 13);
INSERT INTO feedback (rating, feedback_date, student_id, courses_id, teacher_id) VALUES (10, '2022-06-28', 14, 14, 14);
INSERT INTO feedback (rating, feedback_date, student_id, courses_id, teacher_id) VALUES (10, '2013-02-14', 15, 15, 15);
INSERT INTO feedback (rating, feedback_date, student_id, courses_id, teacher_id) VALUES (6, '2010-01-20', 16, 16, 16);
INSERT INTO feedback (rating, feedback_date, student_id, courses_id, teacher_id) VALUES (8, '2020-06-30', 17, 17, 17);
INSERT INTO feedback (rating, feedback_date, student_id, courses_id, teacher_id) VALUES (5, '2016-01-30', 18, 18, 18);
INSERT INTO feedback (rating, feedback_date, student_id, courses_id, teacher_id) VALUES (7, '2005-02-02', 19, 19, 19);
INSERT INTO feedback (rating, feedback_date, student_id, courses_id, teacher_id) VALUES (9, '2023-07-08', 20, 20, 20);
INSERT INTO feedback (rating, feedback_date, student_id, courses_id, teacher_id) VALUES (6, '2018-02-04', 21, 21, 21);
INSERT INTO feedback (rating, feedback_date, student_id, courses_id, teacher_id) VALUES (8, '2014-06-16', 22, 22, 22);
INSERT INTO feedback (rating, feedback_date, student_id, courses_id, teacher_id) VALUES (9, '2020-02-12', 23, 23, 23);
INSERT INTO feedback (rating, feedback_date, student_id, courses_id, teacher_id) VALUES (7, '2007-07-08', 24, 24, 24);
INSERT INTO feedback (rating, feedback_date, student_id, courses_id, teacher_id) VALUES (6, '2022-02-04', 25, 25, 25);
INSERT INTO feedback (rating, feedback_date, student_id, courses_id, teacher_id) VALUES (10, '2012-01-20', 26, 26, 26);
INSERT INTO feedback (rating, feedback_date, student_id, courses_id, teacher_id) VALUES (7, '2017-07-11', 27, 27, 27);
INSERT INTO feedback (rating, feedback_date, student_id, courses_id, teacher_id) VALUES (8, '2024-02-03', 28, 28, 28);
INSERT INTO feedback (rating, feedback_date, student_id, courses_id, teacher_id) VALUES (9, '2010-06-13', 29, 29, 29);
INSERT INTO feedback (rating, feedback_date, student_id, courses_id, teacher_id) VALUES (9, '2002-07-02', 30, 30, 30);
INSERT INTO feedback (rating, feedback_date, student_id, courses_id, teacher_id) VALUES (8, '2022-02-10', 31, 31, 31);
INSERT INTO feedback (rating, feedback_date, student_id, courses_id, teacher_id) VALUES (9, '2014-06-16', 32, 32, 32);
INSERT INTO feedback (rating, feedback_date, student_id, courses_id, teacher_id) VALUES (10, '2010-02-14', 33, 33, 33);
INSERT INTO feedback (rating, feedback_date, student_id, courses_id, teacher_id) VALUES (6, '2023-01-19', 34, 34, 34);
INSERT INTO feedback (rating, feedback_date, student_id, courses_id, teacher_id) VALUES (10, '2019-02-19', 35, 35, 35);
INSERT INTO feedback (rating, feedback_date, student_id, courses_id, teacher_id) VALUES (9, '2000-07-14', 36, 36, 36);
INSERT INTO feedback (rating, feedback_date, student_id, courses_id, teacher_id) VALUES (8, '2004-01-24', 37, 37, 37);
INSERT INTO feedback (rating, feedback_date, student_id, courses_id, teacher_id) VALUES (7, '2022-02-06', 38, 38, 38);
INSERT INTO feedback (rating, feedback_date, student_id, courses_id, teacher_id) VALUES (9, '2014-06-22', 39, 39, 39);
INSERT INTO feedback (rating, feedback_date, student_id, courses_id, teacher_id) VALUES (5, '2020-07-11', 40, 40, 40);
INSERT INTO feedback (rating, feedback_date, student_id, courses_id, teacher_id) VALUES (9, '2014-01-16', 41, 41, 41);
INSERT INTO feedback (rating, feedback_date, student_id, courses_id, teacher_id) VALUES (8, '2023-02-22', 42, 42, 42);
INSERT INTO feedback (rating, feedback_date, student_id, courses_id, teacher_id) VALUES (8, '2024-06-18', 43, 43, 43);
INSERT INTO feedback (rating, feedback_date, student_id, courses_id, teacher_id) VALUES (8, '2021-02-09', 44, 44, 44);
INSERT INTO feedback (rating, feedback_date, student_id, courses_id, teacher_id) VALUES (9, '2020-06-20', 45, 45, 45);
INSERT INTO feedback (rating, feedback_date, student_id, courses_id, teacher_id) VALUES (8, '2014-07-04', 46, 46, 46);
INSERT INTO feedback (rating, feedback_date, student_id, courses_id, teacher_id) VALUES (8, '2004-01-22', 47, 47, 47);
INSERT INTO feedback (rating, feedback_date, student_id, courses_id, teacher_id) VALUES (9, '2021-06-13', 48, 48, 48);
INSERT INTO feedback (rating, feedback_date, student_id, courses_id, teacher_id) VALUES (8, '2020-01-23', 49, 49, 49);
INSERT INTO feedback (rating, feedback_date, student_id, courses_id, teacher_id) VALUES (8, '2022-01-25', 50, 50, 50);


